,constestantId,firstName,lastName
9hghlys8dcbpm9ci5s0i3ixg5,4y5xl8r1nkg1n9hnjzo53v8xk,Guillermo Martín,Reyes Maneiro
dzvs8zk8j4rgbda6thqtserfu,4y5xl8r1nkg1n9hnjzo53v8xk,Leandro Enrique,Díaz Parra
cp9yrxkhm7fsocyen7d7xwfrp,4y5xl8r1nkg1n9hnjzo53v8xk,Nicolás,Correa Risso
1ugulgez2lig6zzhphceounyt,4y5xl8r1nkg1n9hnjzo53v8xk,Juan René,Abarca Fuentes
atinp3f6pvlr59xf815nfcl49,4y5xl8r1nkg1n9hnjzo53v8xk,Antonio Esteban,Ramírez Cuevas
hj91p5o7cbehtivvgeoswct1,4y5xl8r1nkg1n9hnjzo53v8xk,Alejandro Maximiliano,Camargo Osses
e0ztmxmalp3ck3tjbwe3wmfo5,4y5xl8r1nkg1n9hnjzo53v8xk,Leonardo Nicolás,Povea Pérez
51mu62nt2yufzzi9qt45e3cnp,4y5xl8r1nkg1n9hnjzo53v8xk,Cecilio Alfonso,Waterman Ruiz
59oi89awh1na996h27otd1905,4y5xl8r1nkg1n9hnjzo53v8xk,Matías Julio,Cabrera Acevedo
5io2106rxpshzsc39qigm1nth,4y5xl8r1nkg1n9hnjzo53v8xk,Bryan Andrés,Carvallo Utreras
b5wgtt6qzb70f7r2ujf2kzlqt,4y5xl8r1nkg1n9hnjzo53v8xk,Gustavo Javier,Alles Vila
4se88iulp9win99uybducyi8l,4y5xl8r1nkg1n9hnjzo53v8xk,Jaime Matías,Carreño Lee-Chong
15s5544sklhidisn1dfnm77px,4y5xl8r1nkg1n9hnjzo53v8xk,Richard Andrés,Leyton Abrigo
ezluhud7em2pqaxydptrd1gfe,4y5xl8r1nkg1n9hnjzo53v8xk,Fabián,Neira
3gzp71c77a9dvvkre60xk3l78,4y5xl8r1nkg1n9hnjzo53v8xk,Cristobal,Quevedo
a7twiics4lxbx3cmji98he2fp,4y5xl8r1nkg1n9hnjzo53v8xk,Maximiliano,Quinteros
i930ztveqe4ze32h5urbspas,4y5xl8r1nkg1n9hnjzo53v8xk,Anibal,San Martín
c3edb0y454t4uwiu2yzw6un10,4y5xl8r1nkg1n9hnjzo53v8xk,Francisco,Tapia
276g6pfpah0p1dva0bfi18hqt,59d4d2m78t2lqabd1m7o90std,Joaquín Emanuel,Muñoz Almarza
9j5hkfilerc8upy6zl1gpucph,59d4d2m78t2lqabd1m7o90std,Nicolás Ignacio,Crovetto Aqueveque
abb1eu1hpcrox97w3z01nxrkl,59d4d2m78t2lqabd1m7o90std,Fabián Andrés,Torres Cuello
epvt3nij5xk960wrr4omk2f2t,59d4d2m78t2lqabd1m7o90std,Carlos Alfredo,Labrin Candia
cv2m0fe5o4urquub6b5gm4t4a,59d4d2m78t2lqabd1m7o90std,Nicolás Esteban,Fernández Muñoz
8vrkluulimwjtncia6xiui5zp,59d4d2m78t2lqabd1m7o90std,Luis Alberto,Cabrera Figueroa
3i66iyijtz2p4xd7ngsc444ph,59d4d2m78t2lqabd1m7o90std,Ariel Elías,Martínez Arce
18pa8hde4d0jkbtpltej87tg5,59d4d2m78t2lqabd1m7o90std,Iván Patricio,Ledezma Ahumada
ez2zexeuxf9nv1uozq2sl5iax,59d4d2m78t2lqabd1m7o90std,Oliver Jesús,Rojas Muñoz
4f0i3c5pihp8xvnky7vrbs2xh,59d4d2m78t2lqabd1m7o90std,Joaquín Alberto,Montecinos Naranjo
1udhwk2qkh23pl0vykuj8m7rp,59d4d2m78t2lqabd1m7o90std,Rodrigo Julián,Holgado
eeqnkxrcutljzjb9moijcz6qd,59d4d2m78t2lqabd1m7o90std,Gonzalo Esteban,Alvarez Morales
bhor1qbcwkdtuxmu9ofzabkyd,59d4d2m78t2lqabd1m7o90std,José Antonio,Devecchi
brkd7vi8zwf9oc1xhncco4mei,59d4d2m78t2lqabd1m7o90std,Bryan Jesús,Figueroa De La Hoz
4yrdgfx2ywrejye3jt3s3udw5,59d4d2m78t2lqabd1m7o90std,Jorge Alexis,Henríquez Neira
686p89evvyuod5x26nitpofoq,59d4d2m78t2lqabd1m7o90std,Cristóbal Felipe,Muñoz Vásquez
757f9x11lzcug3d6sn39d85wp,59d4d2m78t2lqabd1m7o90std,Jesús Andrés,Ramírez Díaz
23rxggjnk33ensvafo1ebfdg5,59d4d2m78t2lqabd1m7o90std,Diego Ignacio,Torres Quintana
8wuis7vhp6qdrkeja170bk2j9,1iy5a1mzucfenathcnlhmp95a,Diego,Sánchez Carvajal
7pm6d0unmmikp9q289u1ndknp,1iy5a1mzucfenathcnlhmp95a,Luis Alberto,Pavez Muñoz
8r4jakwqzzf2cqjd3btsayz8p,1iy5a1mzucfenathcnlhmp95a,Thomas Ignacio,Galdames Millán
6ft1b49m92zwa7y7yqqprm5lh,1iy5a1mzucfenathcnlhmp95a,Harold Oshkaly,Cummings Segura
erepxkd5yz641a30faj0r6c5,1iy5a1mzucfenathcnlhmp95a,Juan Pablo,Gómez Vidal
asemdmv1osabmn120g5ruhud,1iy5a1mzucfenathcnlhmp95a,Jonathan Yulián,Mejía Chaverra
9stzu6e305ufeguh1ix1l0e7d,1iy5a1mzucfenathcnlhmp95a,Víctor Felipe,Méndez
65udjcug6sgbcb0wtuvbixu51,1iy5a1mzucfenathcnlhmp95a,Mario Anibal,Sandoval Toro
euhin21cqzflsv1vcedt7ew2d,1iy5a1mzucfenathcnlhmp95a,Misael Aldair,Dávila Carvajal
5m7gtqlmb66jcwhqmfebt46vp,1iy5a1mzucfenathcnlhmp95a,Cristian Martín,Palacios Ferreira
2ztfs9tfd4ztq5fleycxf11t6,1iy5a1mzucfenathcnlhmp95a,Carlos Alonso Enrique,Palacios Núñez
1jpzv3pesjkjfm1x28nl89sk5,bw2py3aiws1rq61pokete3kv2,Rafael Daniel,Arace Gargaro
d5ergwm3w0k4atzgconp7ovvu,1iy5a1mzucfenathcnlhmp95a,Daniel Esteban,Castro Santibáñez
dtck8v3ab0lysshn7yd0bvjs9,1iy5a1mzucfenathcnlhmp95a,Felipe,Fritz Saldías
dnijkixgjrb0tzksiww8danyt,1iy5a1mzucfenathcnlhmp95a,Mario Ignacio,Larenas Díaz
ebk2j4h9wud6hbhit0dv4ptnu,1iy5a1mzucfenathcnlhmp95a,Ignacio Antonio,Núñez Estrada
d46y7m9lmgutxjpf2gasvces5,1iy5a1mzucfenathcnlhmp95a,Luis Antonio,Pavez Contreras
2g2uwhnf07n2bpgrps94oynrp,1iy5a1mzucfenathcnlhmp95a,Álvaro Luis,Salazar Bravo
18b0lbzeccm6jefc63gy7hx49,cpqaizhc99tbsqm6h2cgampio,Yerko Andrés,Urra Cortés
d1pyzg0b7m97u6ng10ka998lx,cpqaizhc99tbsqm6h2cgampio,Cristian Alejandro,Cuevas Jara
27mefql6p5otjduigrc51zwlx,cpqaizhc99tbsqm6h2cgampio,Diego Alejandro,Oyarzún Carrasco
dcfejgf51n1fxxds752s9koa1,cpqaizhc99tbsqm6h2cgampio,Ignacio Alejandro,Tapia Bustamante
brygiblt5qpvwqyxp8plebc9h,cpqaizhc99tbsqm6h2cgampio,Juan Guillermo,Córdova Torres
9l8hpz13d78bw7b77iclsnahh,cpqaizhc99tbsqm6h2cgampio,Israel Elías,Poblete Zúñiga
72s5nyjuxb6ydlq4kdybz3get,cpqaizhc99tbsqm6h2cgampio,Claudio Elías,Sepúlveda Castro
748h26tk6u48g3iwpcwjsbe8l,cpqaizhc99tbsqm6h2cgampio,Cris Robert,Martínez Escobar
6eqxtayx7vsjujc8viicz987p,cpqaizhc99tbsqm6h2cgampio,César,Valenzuela Martínez
6ovbzzxyqz4b17scxmkisnvth,cpqaizhc99tbsqm6h2cgampio,Joffre Andrés,Escobar Moyano
2mv48xbwjnyqclrsgn2oedtjp,cpqaizhc99tbsqm6h2cgampio,Juan Ignacio,Sánchez Sotelo
ba16wtzl7nbgtq9jl2it5suz9,cpqaizhc99tbsqm6h2cgampio,Gabriel Jesús,Castellón Velazquez
efjep87i249016u2gusljv8ph,cpqaizhc99tbsqm6h2cgampio,Benjamín José,Gazzolo Freire
bgt4tm3lqv82d5dq1fc1rrrv9,cpqaizhc99tbsqm6h2cgampio,Sebastián Ignacio,Martínez Muñoz
32g0zywt8s050noms9nhrsa21,cpqaizhc99tbsqm6h2cgampio,Denilson Josué,Ovando Ramírez
dfszhlsfxw23vqsihkwimmxgp,cpqaizhc99tbsqm6h2cgampio,Brayan Enrique,Palmezano Reyes
93jw0w8ltzs7howa8fe5grn8q,cpqaizhc99tbsqm6h2cgampio,Maximiliano Alexander,Rodríguez Vejar
6wx6czdlmupvciks7dg10e1ud,cpqaizhc99tbsqm6h2cgampio,Joaquín Jaime,Verdugo Salazar
8rgy29sd9okehwq8bzyb3v0t1,7gkwmrw0cjz0m168ouw00z4gy,Matías Ezequiel,Dituro
2w3b6xp9137604470at4nkfyt,7gkwmrw0cjz0m168ouw00z4gy,Alfonso Cristián,Parot Rojas
5hjsl94zct7s9kakzo0avb845,7gkwmrw0cjz0m168ouw00z4gy,Valber Roberto,Huerta Jerez
4s0cgwchahxqfowf7v1edb5cl,7gkwmrw0cjz0m168ouw00z4gy,Benjamín,Kuscevic Jaramillo
3xbpj765wyvaw03pznvw33yl1,2nxp7ufclxwbtaozvx5zj1zym,Stefano,Magnasco Galindo
3k8wr5chjtaakdyyftcqpak0l,7gkwmrw0cjz0m168ouw00z4gy,Luciano Román,Aued
6gxaissxsaf19icbrv0na8b8p,7gkwmrw0cjz0m168ouw00z4gy,Ignacio Antonio,Saavedra Pino
d3swiv7qjcdrnf2i6y5egz6qd,7gkwmrw0cjz0m168ouw00z4gy,Edson Raúl,Puch Cortés
7swl6vdfvr4somv33kiobm51,7gkwmrw0cjz0m168ouw00z4gy,Diego Mario,Buonanotte Rende
edrl7m5r17vghnnbull4qlnmd,7gkwmrw0cjz0m168ouw00z4gy,Gastón Adrián,Lezcano
7qinj1hp24xlzrp40lji1r3rp,7gkwmrw0cjz0m168ouw00z4gy,Fernando Matías,Zampedri
42oyy73s5avbjsnw4eg5wmket,7gkwmrw0cjz0m168ouw00z4gy,Tomás Pablo,Asta-Buruaga Montoya
6xaakqimjazir29yhx7zbkvrp,7gkwmrw0cjz0m168ouw00z4gy,Juan Francisco,Cornejo Palma
39qv8yz0yfoa7sqxard74b90q,7gkwmrw0cjz0m168ouw00z4gy,César Augusto,Munder Rodríguez
46zgunubdbe82ow2md0xf6o2y,7gkwmrw0cjz0m168ouw00z4gy,Marcelino Ignacio,Nuñez Espinoza
801dgxrhpyvz8l63g05cnwmi1,7gkwmrw0cjz0m168ouw00z4gy,Raimundo Andrés,Rebolledo Valenzuela
2uq0duh7tji11ih0gqzuix8t1,7gkwmrw0cjz0m168ouw00z4gy,Cristopher Benjamín,Toselli Ríos
bhu3hiq2ln2cso48ndqe17bvt,7gkwmrw0cjz0m168ouw00z4gy,Diego Martín,Valencia Morello
9h6xf4ac4rpsjpummcdx26z9,8rpjhpm2j1q7p40zfmlqpj8am,Augusto Martín,Batalla Barga
27ng8lwfdgoymw9al0pdz70et,8rpjhpm2j1q7p40zfmlqpj8am,Roberto Andrés,Cereceda Guajardo
eurc8kvgpd3orbv0ui9nmxh,8rpjhpm2j1q7p40zfmlqpj8am,Matías,Cahais
2vl13a1bvpgufl0h2xmv3x1hx,8rpjhpm2j1q7p40zfmlqpj8am,Albert Alejandro,Acevedo Vergara
7f1z0zw8ecsk04glhsdxl6ndh,8rpjhpm2j1q7p40zfmlqpj8am,Paulo Cézar,Magalhaes Lobos
195h1uunxmjif6hbehmfya7yt,8rpjhpm2j1q7p40zfmlqpj8am,Alejandro Samuel,Márquez Pérez
4rf8lr9ebnebwviw3spv6iyg9,8rpjhpm2j1q7p40zfmlqpj8am,Matías Ignacio,Sepúlveda Méndez
5i754yz270ysvlhywqor380r9,8rpjhpm2j1q7p40zfmlqpj8am,José Luis,Muñoz Muñoz
4lavermlnoyl8wqjkwpx5uytx,8rpjhpm2j1q7p40zfmlqpj8am,Ramón Ignacio,Fernández
95pzzekgfm9589ip2fomr3lxx,8rpjhpm2j1q7p40zfmlqpj8am,Facundo Ismael,Castro Souto
50pzs8ih772n4u1dvuquf05w5,8rpjhpm2j1q7p40zfmlqpj8am,Roberto Carlos,Gutiérrez Gamboa
b9b44wsl4d24yps6luijnhgix,8rpjhpm2j1q7p40zfmlqpj8am,Tomás,Alarcón Vergara
5in8ya35qsmdsmw09oianuh2h,8rpjhpm2j1q7p40zfmlqpj8am,Antonio Alejandro,Díaz Campos
be2kgk4nuajpwjrbvr2v0xhey,8rpjhpm2j1q7p40zfmlqpj8am,Diego Humberto,González Saavedra
c3jg0t5sdw0x60ur19s5s899l,8rpjhpm2j1q7p40zfmlqpj8am,Diego Abraham,González Torres
248uds9v4rrmkynvv2192hadx,8rpjhpm2j1q7p40zfmlqpj8am,Gustavo,Gotti
ea0e11ky6morei5ajpeamfwmh,8rpjhpm2j1q7p40zfmlqpj8am,Matías Francisco,Meneses Letelier
51xevz7yuqq9hdgl4ekrspbzd,8rpjhpm2j1q7p40zfmlqpj8am,Luis Alfonso,Ureta Medina
c4xjo4k13llbp5dcs8q78yrpx,bd1veyn5g4r8zbaquf8b8pksp,Fabián Alfredo,Cerda Valdés
7p1eebxgitfz4bhv988kbiqne,bd1veyn5g4r8zbaquf8b8pksp,Alex Matías,Ibacache Mora
qdod2x0hjp4l7ry77kd4tkgl,bd1veyn5g4r8zbaquf8b8pksp,José Manuel,Rojas Bahamondes
b4ytzudyuyzbppt00qnrxov6x,bd1veyn5g4r8zbaquf8b8pksp,Diego,Urzúa
755nyk97op1dyuqql7ip8t08a,bd1veyn5g4r8zbaquf8b8pksp,Jens,Buss
9hop4kpyrrkombigyebfbiifp,bd1veyn5g4r8zbaquf8b8pksp,Heber Daniel,García Torrealba
agl2jhbq7u65furhjlmlddxx,bd1veyn5g4r8zbaquf8b8pksp,Martín Miguel,Cortés
3wve66zmimi3kffepdjc65m1h,bd1veyn5g4r8zbaquf8b8pksp,Pablo Ignacio,Corral Mondaca
dcwh4wtli8nm8jzmmbe8q9xx,bd1veyn5g4r8zbaquf8b8pksp,Bayron Andrés,Oyarzo Muñoz
5ubpbn6j49ob3rmfq4ac356tx,bd1veyn5g4r8zbaquf8b8pksp,Federico Gastón,Castro
dy08mj43eioa2zt491zm965ii,bd1veyn5g4r8zbaquf8b8pksp,Gabriel,Harding Subiabre
ch24btk29fxkdm14rzea7igdm,bd1veyn5g4r8zbaquf8b8pksp,Matias,Cavalleri Lopetegui
87z83zs05oeexy65m84jhm5zp,bd1veyn5g4r8zbaquf8b8pksp,Carlos Felipe Ignacio,Espinosa Contreras
377mqwyb9c1ffvfbrw0a48dzp,bd1veyn5g4r8zbaquf8b8pksp,Sebastián Óscar,Jaime
ee63ml1m0knte1es8dpm2snze,bd1veyn5g4r8zbaquf8b8pksp,Kennet,Lara
7ny62v4kkui16m2pczk2g9785,bd1veyn5g4r8zbaquf8b8pksp,Gonzalo Santiago,Mall Núñez
3yugvnpaflo89btdo3yw5eklx,bd1veyn5g4r8zbaquf8b8pksp,Yerson Flavio,Opazo Riquelme
napvicstt332tuhec6iyx5n9,bd1veyn5g4r8zbaquf8b8pksp,Diego Daniel,Vera Méndez
1qg7ahnsy82npoatncqdb5nf9,4y5xl8r1nkg1n9hnjzo53v8xk,Eric Orlando,Godoy Zepeda
de4yoz1uwu3b99x2af0pw85bd,4y5xl8r1nkg1n9hnjzo53v8xk,Simon Alonso,Ramírez Cuevas
1quzntww9f82m0mnod3i2c6ad,4y5xl8r1nkg1n9hnjzo53v8xk,Andrés Sebastián,Robles Fuentes
b6bn0mgaaa579ix7yr8ilev6y,4y5xl8r1nkg1n9hnjzo53v8xk,Mario Antonio,Oporto Hidalgo
4djhcbmpkz312xefxyis1ad7u,4y5xl8r1nkg1n9hnjzo53v8xk,Juan,Patiño
be2mkt8tl6bgnm4nyzb5l02c5,59d4d2m78t2lqabd1m7o90std,Manuel Elías,Fernández Guzmán
5ajtpr7zaybavvee6wv16yh1x,59d4d2m78t2lqabd1m7o90std,Álvaro Alejandro,Delgado Sciaraffia
4ry41imxbur7epfo5igydybpx,59d4d2m78t2lqabd1m7o90std,Osvaldo Javier,Bosso Torres
as7z3zymiedo4zip710ckhdxx,59d4d2m78t2lqabd1m7o90std,Pablo Damián,Lavandeira Hernández
8dfo8a5fvu2qpca8hgnm980d1,59d4d2m78t2lqabd1m7o90std,Cristobal Osvaldo,Marín Barrios
evvo9m33je9duatuogxg591hx,bd1veyn5g4r8zbaquf8b8pksp,Paulo Andrés,Garcés Contreras
62wv8ih6784cp0xhng2yv6b4l,bd1veyn5g4r8zbaquf8b8pksp,Franco,Bechtholdt Chervaz
egdpq1pva7hl7w0yfnwj469cl,bd1veyn5g4r8zbaquf8b8pksp,Pablo Alejandro,Parra Rubilar
8o9og3flymylrmh0dluedx6mt,bd1veyn5g4r8zbaquf8b8pksp,Fernando Gabriel,Godoy
d1aumpodch3p2vl02slq292w9,bd1veyn5g4r8zbaquf8b8pksp,Matías,Ormazábal
8qblrjapyocf24vxitzs2grqi,bd1veyn5g4r8zbaquf8b8pksp,Benjamín Antonio,Ortiz Acuña
8jrdmj8hp525w0ufsck4eshcl,9dqkgu00tn42928lrrxlis95a,Jhonny Cristián,Herrera Muñoz
adl28qm975eh8twc47xds7845,9dqkgu00tn42928lrrxlis95a,Dylan Patricio,Zúñiga Valenzuela
gy2us7bvt80iil2vmzdmxrrp,9dqkgu00tn42928lrrxlis95a,Cristian Fernando,Suarez Figueroa
d9ns2ltj5nu2ysl23zf10o7ze,9dqkgu00tn42928lrrxlis95a,Sebastián Rodrigo,Pereira Abarca
cjmai4tgydff5g6ykyrclt8et,9dqkgu00tn42928lrrxlis95a,Bastián,San Juan Martínez
5yjiqgdcnka7bm1i4dknxvq0a,9dqkgu00tn42928lrrxlis95a,Benjamín Nicolás,Rivera Silva
1z0ee5hxms409lpw0xysut3h1,9dqkgu00tn42928lrrxlis95a,Álvaro Alfredo Alejandro,Madrid Gaete
287fodtg3sbi6enk4lp5gkt79,9dqkgu00tn42928lrrxlis95a,Rodrigo Eduardo,Echeverría Sáez
crbzje4uia8cbjfw0707ieitx,9dqkgu00tn42928lrrxlis95a,Fernando Antonio,Saavedra Valencia
3kgj8qv3krm0g4u8eidfdw0r9,9dqkgu00tn42928lrrxlis95a,Juan Ezequiel,Cuevas
dhy4u5ea6vtob2g2ugvzrn93p,9dqkgu00tn42928lrrxlis95a,Maximiliano Iván,Ceratto
351nzn9u8g8ju7qnl2cy4codm,9dqkgu00tn42928lrrxlis95a,Jorge Roberto,Díaz Price
5h1pmc7hvyztuuwrrdeoth2ol,9dqkgu00tn42928lrrxlis95a,Carlos Alberto,Lobos Ubilla
225dzmn357gg5166eiq866o7o,9dqkgu00tn42928lrrxlis95a,Gary,Moya
eqbwy8i0csaw6ym2u7w1vnpxw,9dqkgu00tn42928lrrxlis95a,Francisco Ignacio,Robles Toro
7pfg5o00t7x7u4w0raxp0obmd,9dqkgu00tn42928lrrxlis95a,Camilo Bryan,Rodríguez Pedraza
d7kjfjvkxk223lpk0k2cg1fit,9dqkgu00tn42928lrrxlis95a,Luis Rodrigo,Santelices Tello
c43to04jy71aewg5f7qse9iol,9dqkgu00tn42928lrrxlis95a,Marcos Antonio,Velásquez Ahumada
8o23k2p1zuzvlep1qf3ccwvai,7gkwmrw0cjz0m168ouw00z4gy,Carlos Antonio,Salomon Tapia
1b9ec92r9tun64lxs17e8xtzo,7gkwmrw0cjz0m168ouw00z4gy,Aaron Sebastián,Astudillo Quiñones
4zua1e18eslclq6hqxrwncmol,7gkwmrw0cjz0m168ouw00z4gy,Francisco Andrés,Silva Gajardo
e6puu4lhwxpnfw1jpffi4cewa,7gkwmrw0cjz0m168ouw00z4gy,Gonzalo Andrés,Tapia Dubournais
eqdo9vp6b1wkfvfz4zfj6iml1,7gkwmrw0cjz0m168ouw00z4gy,Germán Andrés,Lanaro
avzd8n4n9x655hu62cspydot1,7gkwmrw0cjz0m168ouw00z4gy,César Ignacio,Pinares Tamayo
5ahs8dv35spaj4vinpm3md2p5,7gkwmrw0cjz0m168ouw00z4gy,Marcelo Ignacio,Suárez Báez
hecgc4xf70amx955e85gr4a2,4y5xl8r1nkg1n9hnjzo53v8xk,Claudio Patricio,Navarrete Arévalo
dnys3wogn819q2vxch5jwe3f9,4y5xl8r1nkg1n9hnjzo53v8xk,Guillermo Alfonso,Pacheco Tudela
aoob5p543hjjcc0bpljyqct7t,4y5xl8r1nkg1n9hnjzo53v8xk,Martín Alonso,Lara Collao
7o1wgekbdpne9thpsdtr1kxqt,4y5xl8r1nkg1n9hnjzo53v8xk,Juan Pablo,Abarzúa Sepúlveda
eea4xou4t41cwkpuhj37wprrp,4y5xl8r1nkg1n9hnjzo53v8xk,Hardy Fabián,Cavero Manan
3hwd7jyifs3dei1mhpbdzx68l,59d4d2m78t2lqabd1m7o90std,Nicolás Iván,Orellana Acuña
1ai6aiqnprhl5yrr8xfdswxnu,59d4d2m78t2lqabd1m7o90std,Alfred Jeafra,Canales Céspedes
8bs8qz265kj9bhn8lx09cifvt,59d4d2m78t2lqabd1m7o90std,Ricardo Antonio,Escobar Acuña
chqei7ptn9boe5z083kyrxwb9,8puc16dm0ut6bvv6u6ivpe2ch,Cristian Edward,Guerra Torres
dxwo887wtvm57i1oa5a70zey2,8puc16dm0ut6bvv6u6ivpe2ch,Vicente Felipe,Fernández Godoy
dvjwtt5v39s05c5cbd5e25hbd,8puc16dm0ut6bvv6u6ivpe2ch,Nicolás Andrés,Díaz Huincales
2qul5ulggaduqfdn1facph0b9,8puc16dm0ut6bvv6u6ivpe2ch,Lucas Javier,Acevedo
add9ngs1kgn6qn9ajwmhd7npx,8puc16dm0ut6bvv6u6ivpe2ch,Henry Steven,Sanhueza González
3fh1y6i5dkac6ojmvkmaxk639,8puc16dm0ut6bvv6u6ivpe2ch,Jonathan Oscar,Benítez
65bod4a6kdiry4uygx41nr3dh,8puc16dm0ut6bvv6u6ivpe2ch,Jorge Matias,Araya Pozo
7a6plhoikmr9iy5mjntgoqdwp,8puc16dm0ut6bvv6u6ivpe2ch,Fabián Antonio,Ahumada Astete
al3ls8yq5tgr0ss8vdea84ogl,8puc16dm0ut6bvv6u6ivpe2ch,Bryan Paul,Carrasco Santos
adh3gj9e2avq8j3ib8kbfjw7p,8puc16dm0ut6bvv6u6ivpe2ch,Renato Nicolás,Tarifeño Aranda
8horddn9v6sm5qyeqxilxobf9,8puc16dm0ut6bvv6u6ivpe2ch,Matías Rodrigo,Campos López
em2957qngzi3thmrksunwe9qt,8puc16dm0ut6bvv6u6ivpe2ch,Leandro Iván,Benegas
e78doxgzcih1dfw6qwsxf987p,8puc16dm0ut6bvv6u6ivpe2ch,Esteban Andrés,Carvajal Tapia
62czo0yddio2lacx8v4dqldcl,8puc16dm0ut6bvv6u6ivpe2ch,Sergio Andrés,Felipe Silva
8205yedu4djia8z2g3nyoxh3p,8puc16dm0ut6bvv6u6ivpe2ch,Gastón,Guruceaga Fagúndez
4oi8emxz0pqrjav3v2jsufka2,8puc16dm0ut6bvv6u6ivpe2ch,Benjamín Ignacio,Rojas Ferrera
dhf6mnkmyni0rg3vjvgy76okp,8puc16dm0ut6bvv6u6ivpe2ch,Nicolás Imanol Alberto,Solabarrieta Vergara
289j6352e5kqzak6au656l4np,8puc16dm0ut6bvv6u6ivpe2ch,Guillermo Tomás,Soto Arredondo
54f193zgclx6i6xsp44abct0p,59d4d2m78t2lqabd1m7o90std,René Antonio,Melendez Plaza
df3p9w665rjooxri8t1d0lfbp,eizgmllil1zrzpk6zbue0hl7m,Leandro Daniel,Requena
4rq5t22hdh69nxztwxsr8dfpx,eizgmllil1zrzpk6zbue0hl7m,Marcelo,Jorquera
aoa2cqk79rtkevrzz2x5h0m39,eizgmllil1zrzpk6zbue0hl7m,Rodolfo Antonio,González Aránguiz
3xfqyb7n91x9qpsvjyj1ih785,eizgmllil1zrzpk6zbue0hl7m,Sebastián Ignacio,Silva Pérez
3yx8p1hujwv6as8c2gm6h1dqt,eizgmllil1zrzpk6zbue0hl7m,Mario Esteban,Pardo Acuña
tmtl77kc0cgx2e95tjq6c86i,eizgmllil1zrzpk6zbue0hl7m,Cristopher,Mesías Sepúlveda
3893inqanep5u2ivre7qo33kl,eizgmllil1zrzpk6zbue0hl7m,Juan Rodrigo,Gutiérrez Arenas
1g6y7lzdke2q8yuaq3nogtvit,eizgmllil1zrzpk6zbue0hl7m,Rodolfo Vicente,Gamarra Varela
sq3mptpiqr5b85q0jiw12nkl,eizgmllil1zrzpk6zbue0hl7m,Marcelo,Cañete
7oqj9f7v7ev94cll5wq1u2h1x,eizgmllil1zrzpk6zbue0hl7m,Juan Carlos,Gaete Contreras
8jiug6aq1plhdoc07u3fem6l1,eizgmllil1zrzpk6zbue0hl7m,Sebastián Esteban,Varas Moreno
c0m1ld4n5imb3i4vyryf9vi3u,eizgmllil1zrzpk6zbue0hl7m,Andy Bastian,Aguilera Rojas
20nlgsq16kafx50t43fgp8r85,eizgmllil1zrzpk6zbue0hl7m,Ariel Elpidio,Coronel
amy1rmsc4xk6p78a8utq2j74l,eizgmllil1zrzpk6zbue0hl7m,Jorge Luis,Deschamps
bejytm4vbwd22kv0kosy0hd5h,eizgmllil1zrzpk6zbue0hl7m,Alan Guillermo,Murialdo
ez9qzp0qsvuoml9wjnq96lzsa,eizgmllil1zrzpk6zbue0hl7m,Lucas Ignacio,Portilla Portilla
c487t25grh1jsxb0u61581jh1,eizgmllil1zrzpk6zbue0hl7m,Franco Marcelo,Ragusa Nappe
3gl531k6v6qumpxb5tp17nxlh,eizgmllil1zrzpk6zbue0hl7m,Felipe Andrés,Reynero Galarce
cahlp9pj7zp7gsqqm04hc4i51,bw2py3aiws1rq61pokete3kv2,Matías Nicolás,Cano
1e994q9isbbc23tfb8riizm51,bw2py3aiws1rq61pokete3kv2,Raúl Andrés,Osorio Medina
983pmtdx1kikxqrqdvasizhed,bw2py3aiws1rq61pokete3kv2,Benjamín Fernando,Vidal Allendes
2lr1p7kr13savfywqyc6wkm39,bw2py3aiws1rq61pokete3kv2,Víctor Miguel,González Chang
dt86y76v2vnu1r5u10sv1rlxx,bw2py3aiws1rq61pokete3kv2,John Michael,Salas Torres
b3gzwpdhc43oz9u4ihkqgug2d,bw2py3aiws1rq61pokete3kv2,Joe Axel,Abrigo Navarro
eiedn3v0jovrp94o5gm3aob85,bw2py3aiws1rq61pokete3kv2,Diego Sebastia,Aravena Ramírez
dr81f6m9bezk9ow5ddisqy191,bw2py3aiws1rq61pokete3kv2,Fernando Alejandro,Manríquez Hernández
61i2gjx5prb951skhn9po6a51,bw2py3aiws1rq61pokete3kv2,Juan Carlos,Espinoza Reyes
4zoh16h4bim3680g90nmnfb2t,bw2py3aiws1rq61pokete3kv2,Mauricio Ricardo,Pinilla Ferreira
5ttes0wvkueqfehjhb2a70amt,bw2py3aiws1rq61pokete3kv2,Rubén Ignacio,Farfán Arancibia
d1n8c12yrs5e63pu68y63cp1x,bw2py3aiws1rq61pokete3kv2,Luis Pedro,Figueroa Sepúlveda
8poy0shq17ruyrbk64uolzqad,bw2py3aiws1rq61pokete3kv2,Guillermo Enrique,Orellana Riquelme
9wpf27hnzrqdazy0rcc27nit,bw2py3aiws1rq61pokete3kv2,Federico Hernán,Pereyra
7ul3gp7j4a97q5akh4iqtvofe,bw2py3aiws1rq61pokete3kv2,Cristofer Andrés,Salas Barriga
c832vblhgabxypcw32zgzgs0l,bw2py3aiws1rq61pokete3kv2,Diego Alfredo,Vallejos Hernández
5d091mvoeifitbjz7cq0bgwa2,bw2py3aiws1rq61pokete3kv2,Diego,Vergara
7lqrv433cz9feh1qjo0wp7oix,bw2py3aiws1rq61pokete3kv2,Felipe Andrés,Villagrán Rivera
c3p7hlz4zb6pqm3wgtk5jleqd,4wb893al733feakm9teqqqnlg,Sebastián Andrés,Perez Kirby
gr9yavamkh4wlc9tk0x4355h,4wb893al733feakm9teqqqnlg,Hans Francisco,Salinas Flores
r08krgj1120soe0mectwfd91,4wb893al733feakm9teqqqnlg,Rafael Antonio,Caroca Cordero
2mg31e4otqxsqhnsmbhphu0ut,4wb893al733feakm9teqqqnlg,Lucas Elio,Aveldaño
c3hppkqrb6qixh7jnmzr61lg5,4wb893al733feakm9teqqqnlg,Matías Javier,Blázquez Lavín
c1w8b6hy98azzdz48pw8uago9,4wb893al733feakm9teqqqnlg,Ricardo Darío,Blanco
bofwmh4pccbdtb66ci9nat87p,4wb893al733feakm9teqqqnlg,Gustavo Rubén,Lorenzetti
60a2pk7zaclwwq7n9qchurxlh,4wb893al733feakm9teqqqnlg,Diego Felipe Andrés,Orellana Medina
82u8tt9aazfveho8oxtqdnvmd,4wb893al733feakm9teqqqnlg,Diego Nicolás,Fernández Castro
34x6eabrx5t9one9q6ifwtyp5,4wb893al733feakm9teqqqnlg,César,Huanca
4amvjmzixl30pg91ep6b9xhx,4wb893al733feakm9teqqqnlg,Álvaro Sebastián,Ramos Sepúlveda
17qf5ikex0q4ytrw7pk22tal1,4wb893al733feakm9teqqqnlg,Alejandro Andrés,Contreras Daza
deif1zcm3cu6fw7yqogo2eevp,4wb893al733feakm9teqqqnlg,Jorge Matías,Donoso Garate
cqueb3a752qflzf7hrs2apzl6,4wb893al733feakm9teqqqnlg,Arturo,Guerrero
5cr89nqjzl7mlzv4x4msapixg,4wb893al733feakm9teqqqnlg,Francisco,Levinao
aa4o1wvjk05ta7wmox9b6kzfu,4wb893al733feakm9teqqqnlg,Fabián,Ramos
2knmaxmdj593azj6y8jf7c7o5,4wb893al733feakm9teqqqnlg,Felipe Ignacio,Saavedra Saavedra
2vq6zte475lnqe51wu8ub6ok5,4wb893al733feakm9teqqqnlg,Mauricio Alejandro,Zenteno Morales
7s0xdwfq3gznmfrkegfk3mu39,cdj7tqbsake4a0ks5pwm23t23,Fernando Carlos,De Paul Lanciotti
8j05rd1gnn1h9yicjwwr28wk5,cdj7tqbsake4a0ks5pwm23t23,Jean André Emanuel,Beausejour Coliqueo
8ez1fcn0k8b9m3hpac7mzbqad,cdj7tqbsake4a0ks5pwm23t23,Diego Andrés,Carrasco Muñoz
bod9meomzapncspbpb8k2rhsl,cdj7tqbsake4a0ks5pwm23t23,Osvaldo Alexis,González Sepúlveda
1ghdbvrho16mzdz9qcn9k2ytx,cdj7tqbsake4a0ks5pwm23t23,Matías Nicolás,Rodríguez
m1lbmlled2xtj2ilk4oiyrc9,cdj7tqbsake4a0ks5pwm23t23,Pablo Mauricio,Aránguiz Salazar
c5r3jkp8lz1hunxkygs8g123t,cdj7tqbsake4a0ks5pwm23t23,Camilo Andrés,Moya Carreño
dr7dvl3cmpe1c3tmu2g0xszpx,cdj7tqbsake4a0ks5pwm23t23,Gonzalo Alejandro,Espinoza Toledo
r2qjdlnjtjagkm5m1v1ulck5,cdj7tqbsake4a0ks5pwm23t23,Walter Damián,Montillo
5suxy8zywnnbalcujii6srdre,cdj7tqbsake4a0ks5pwm23t23,Nicolás Bastián,Guerra Ruz
epfwjk84jo741igp7fxe4c2qd,cdj7tqbsake4a0ks5pwm23t23,Joaquín Oscar,Larrivey
e1fqwn38baz93mzlkra1135qt,cdj7tqbsake4a0ks5pwm23t23,Augusto Sebastián,Barrios Silva
62ocxje3w7yu4cq645p9plm95,cdj7tqbsake4a0ks5pwm23t23,Cristóbal Alejandro,Campos Véliz
cn9hx4byy5adg51wu4txij4r9,cdj7tqbsake4a0ks5pwm23t23,Luis Ignacio,Casanova Sandoval
arj6wz36r6wr961xynqg4m4lx,cdj7tqbsake4a0ks5pwm23t23,Fernando Nicolás,Cornejo Miranda
3y0xuj46ki2o96oq7jvv5fqhh,cdj7tqbsake4a0ks5pwm23t23,Luis Enrique,Del Pino Mago
a85ou2fbpndhtgji6in5mrz6d,cdj7tqbsake4a0ks5pwm23t23,Ángelo José,Henríquez Iturra
61ehord47n9436zz92f40xk9h,cdj7tqbsake4a0ks5pwm23t23,Jimmy Antonio,Martínez Ruiz
291if1ztyi29pataofxj3xqs5,bw2py3aiws1rq61pokete3kv2,Nicolás,Berardo
8tnwk51hux01mkksugg9clvx1,bw2py3aiws1rq61pokete3kv2,Gaspar Emmanuel,Iñíguez
ct4ja8dfwbk7f729uhbgw4ktm,bw2py3aiws1rq61pokete3kv2,Joaquín Naid,Abdala Astudillo
6aiecfxg2e102e6vg8vfaf8x5,bw2py3aiws1rq61pokete3kv2,Mathias Daniel,Pinto Mell
1t4oikyv7gf8swvxr7gt54iqx,bw2py3aiws1rq61pokete3kv2,Jorge Paul,Gática Villegas
dlpqopo1lkrnhuqyx02kyq385,bw2py3aiws1rq61pokete3kv2,Andrés Eduardo,Montero Cadenas
9moyfvvmmqifxzadeqg28js2d,bw2py3aiws1rq61pokete3kv2,Daniel Enrique,Retamal Vargas
225mh02shp7c68ifmklc2aq51,2nxp7ufclxwbtaozvx5zj1zym,Gustavo Nicolás,Fuentealba Tobar
dis4tagobey83gxdzp0tnc2xh,2nxp7ufclxwbtaozvx5zj1zym,David Eduardo,Achucarro Trinidad
2zwlicp7zcsc0p4368gila1ud,2nxp7ufclxwbtaozvx5zj1zym,Marko Andrés,Biskupovic Venturino
d284o2jocsng4d7uonb33gd05,2nxp7ufclxwbtaozvx5zj1zym,David,Montoya Henao
dpn7l86wmk0s8s8vc9f0fnz6x,2nxp7ufclxwbtaozvx5zj1zym,Nicolás Eduardo,Baeza Martínez
u17bw7ovt1wyrdyf18k2mkt1,2nxp7ufclxwbtaozvx5zj1zym,Enzo Daniel,Ruiz Eizaga
4sngi2xkm9e113putxr4m7t1x,2nxp7ufclxwbtaozvx5zj1zym,Kevin Felipe,Medel Soto
7lkqdyv0ws65x67rq7gb62t7u,2nxp7ufclxwbtaozvx5zj1zym,David,Vallejos
8w4oyuwlglsmei6yqqxrh4esp,2nxp7ufclxwbtaozvx5zj1zym,Felipe Andrés,Barrientos Mena
47cw7z4p92y3ioalree2uvf85,2nxp7ufclxwbtaozvx5zj1zym,Jaime Andrés,Valdés Zapata
7i7ndyzz4xyarc47kcz2wpped,2nxp7ufclxwbtaozvx5zj1zym,Franco Leonel,Olego
dhqjzminil0qud6rwd4q9kw6h,2nxp7ufclxwbtaozvx5zj1zym,Danilo Gonzalo,Catalán Córdova
a7pwxysd007zytsbxjtayzfca,2nxp7ufclxwbtaozvx5zj1zym,Vicente Pablo,Durán Vidal
5go6tu9w1dieupbi3h44w4r56,2nxp7ufclxwbtaozvx5zj1zym,Enzo Nicolás,Ferrario Arguello
1uoccfo2zmmgwopxo0c3cotsl,2nxp7ufclxwbtaozvx5zj1zym,David Antonio,Llanos Almonacid
eo18877sgl7v9pok8mr3y6l1,2nxp7ufclxwbtaozvx5zj1zym,Raúl Alejandro,Olivares Gálvez
77bwgkpu6tylbyfvuwdzoek15,2nxp7ufclxwbtaozvx5zj1zym,Walter Benjamín,Ponce Gallardo
8jy143c8zhw9oa8dna0jgjlrd,2nxp7ufclxwbtaozvx5zj1zym,Alessandro,Rizzoli Dellasera
b9zm1s1sjespi01z9v3bwnkr9,1iy5a1mzucfenathcnlhmp95a,Mauro Andrés,Caballero Aguilera
14x84apbgj4ztpu0m82hbvsru,1iy5a1mzucfenathcnlhmp95a,Benjamín Ignacio,Galdames Millán
dy5sscczaflizhuwviym5gwd1,1iy5a1mzucfenathcnlhmp95a,Ronald Damián,González Tabilo
5a1jlrtl6pezuwkzcm40ab179,ehsvy9m92bp6ktgoy6pwv8rdm,Brayan Josué,Cortés Fernández
dxtv4idhrzxkw9dxp3fytfpp1,ehsvy9m92bp6ktgoy6pwv8rdm,Bryan Alfonso,Vejar Utreras
9fz4lzq3u50914qgqhkuvydpl,ehsvy9m92bp6ktgoy6pwv8rdm,Maximiliano Joel,Falcón Picart
atheibripyjr0rr4zn3klkzbp,ehsvy9m92bp6ktgoy6pwv8rdm,Julio Alberto,Barroso
1wtcag5leh2alsw29zj1vdd6,ehsvy9m92bp6ktgoy6pwv8rdm,Jeyson Alejandro,Rojas Orellana
8yak0o9o7z5j5ribga3ui2cb9,ehsvy9m92bp6ktgoy6pwv8rdm,Gabriel Alonso,Suazo Urbina
diauyo66kudxbolux358mjhed,ehsvy9m92bp6ktgoy6pwv8rdm,Matías Ariel,Fernández Fernández
b731wmwywtvh06w07xz34qpqt,ehsvy9m92bp6ktgoy6pwv8rdm,Carlos Emilio,Carmona Tello
abzf358c7vw4vhw5ad819t9zp,ehsvy9m92bp6ktgoy6pwv8rdm,Leonardo Felipe,Valencia Rossel
2ir7ctowdenj07bq50l20wq8l,ehsvy9m92bp6ktgoy6pwv8rdm,Javier Andrés,Parraguez Herrera
3loc50uo96004zxczuihbzrh1,ehsvy9m92bp6ktgoy6pwv8rdm,Basilio Gabriel,Costa Heredia
6dxsdgtdm4paxhbh7jsi2d1ey,ehsvy9m92bp6ktgoy6pwv8rdm,William Héctor,Alarcón Cepeda
emxgknli5uxn1xhkmxdixyh91,ehsvy9m92bp6ktgoy6pwv8rdm,Nicolás,Blandi
88na7bm2u6mfwnwsann9qu1gp,ehsvy9m92bp6ktgoy6pwv8rdm,Ignacio Andrés,Jara Vargas
drz07oqwrot4amw308ykk3c9h,ehsvy9m92bp6ktgoy6pwv8rdm,Miguel Ángel,Pinto Jérez
2pvxu1njn98w26idcbacr6j1l,ehsvy9m92bp6ktgoy6pwv8rdm,Branco Antonio,Provoste Ovalle
1m6zylgdqmnvobcx05lm1mvl6,ehsvy9m92bp6ktgoy6pwv8rdm,Pablo César,Solari
8k5drzazgkot9on8lbe7ytlyi,ehsvy9m92bp6ktgoy6pwv8rdm,David Octavio,Tati Díaz
8tzfwn29uy8zw6tadsiufyzu1,cpqaizhc99tbsqm6h2cgampio,Antonio Andrés,Castillo Navarrete
8ergr8nv2ljechtzrtcv6d0b9,cpqaizhc99tbsqm6h2cgampio,Nicolás Enrique,Ramírez Aguilera
4fnpaivagpwm6rmqsq5ipdcoa,cpqaizhc99tbsqm6h2cgampio,Joaquín Ignacio,Gutiérrez Jara
18ajcxwux2fx6dt7kzs6ehm95,cpqaizhc99tbsqm6h2cgampio,Javier Adolfo,Altamirano Altamirano
4dp0s21kfvmrui9w10hl1gi51,2nxp7ufclxwbtaozvx5zj1zym,Zacarias Orlando,López González
9vdeig9blhvbzulb4u4kl6qui,2nxp7ufclxwbtaozvx5zj1zym,Lucas,Fasson dos Santos
3yrp6f1yh5zqvj18kis11wtzp,2nxp7ufclxwbtaozvx5zj1zym,Rodrigo Andrés,Brito Tobar
e35lm9dtyk20pgja81zbvb3d,2nxp7ufclxwbtaozvx5zj1zym,Danny Marcos,Pérez Valdez
3xz9cyx54low8hq4xm2s04ogl,2nxp7ufclxwbtaozvx5zj1zym,Sebastián Ignacio,Leyton Hevia
didi62zdit4vtyfye0qxw7105,2nxp7ufclxwbtaozvx5zj1zym,Humberto Andrés,Suazo Pontivo
dqavervezvshrj48bhuw0uzu1,2nxp7ufclxwbtaozvx5zj1zym,Richard Nicolás,Paredes Moraga
45pb90gp1rl74bnvav530nasq,2nxp7ufclxwbtaozvx5zj1zym,Romulo,Zanre Zwarg
bm5597reki0q7wci85322cixh,9dqkgu00tn42928lrrxlis95a,Patricio Rodolfo,Rubio Pulgar
eueky9584m8m3qselgg3be4et,9dqkgu00tn42928lrrxlis95a,Marcos Sebastián,Pol
65yndgr6z0ho64nvcxxsmyuhh,9dqkgu00tn42928lrrxlis95a,Jonathan,Copete Valencia
2vsfek9vs6zdvueb4v23vrj6d,9dqkgu00tn42928lrrxlis95a,Walter Rodrigo,González Sosa
bnzzn76w73gzjwoi4aep0kded,hfu6x1260h62zj7xl6cn95hx,Alexis,Martín Arias
9t9zkfm9ko2ezs4ch46a0wgr9,hfu6x1260h62zj7xl6cn95hx,Santiago,García
d3s4hail4zq1sc81e0gjr6nrp,hfu6x1260h62zj7xl6cn95hx,Christian Alberto,Vilches González
11ksp0z05fplfny1g5zowxnf9,hfu6x1260h62zj7xl6cn95hx,Matías Cristóbal,Navarrete Fuentes
dg6d5kv2m8nlk1vgzgymejhed,hfu6x1260h62zj7xl6cn95hx,Fernando Patricio,Cordero Fonseca
bn04vhl78qfknkl5fk84rkuz9,hfu6x1260h62zj7xl6cn95hx,Juan Andrés,Leiva Mieres
ds2e8nkmztnxtfi9hnnefl1m2,hfu6x1260h62zj7xl6cn95hx,Esteban Cristóbal,Valencia Reyes
82ffef6lzygelxn9swn5pqzca,hfu6x1260h62zj7xl6cn95hx,Yonathan Wladimir,Andía León
cqukkxc9c4iowy3tydreue7rp,hfu6x1260h62zj7xl6cn95hx,Gonzalo Pablo,Castellani
2061k6wctcwfxtmj6qcil42xh,hfu6x1260h62zj7xl6cn95hx,Andrés Alejandro,Vilches Araneda
b44ryatcd56jc71lloj2u3lcl,hfu6x1260h62zj7xl6cn95hx,Jorge Sebastián,Sáez
8acdbme2h7txjn4ao0a8s33vu,hfu6x1260h62zj7xl6cn95hx,Ariel Ignacio,Cáceres Lizana
92ko1nupuifwvmqnndyv07hwq,hfu6x1260h62zj7xl6cn95hx,Elvis,Hernández Huenten
58qkgretaw3tchcwwkxo4x6cq,hfu6x1260h62zj7xl6cn95hx,Abel Eric,Moreno Vargas
e9xor3ku95wff0jtzx7gt4rqi,hfu6x1260h62zj7xl6cn95hx,Vicente Raúl,Ramírez Ramírez
9syjo8gdmcsdv5czc1e8w4xxx,hfu6x1260h62zj7xl6cn95hx,Nicolás Marcelo,Stefanelli
1r0ykfguzzb2l7dthg9p85qeh,hfu6x1260h62zj7xl6cn95hx,Pedro  Iván,Sánchez Torrealba
4qzt91tiriyndbjhaltykix91,hfu6x1260h62zj7xl6cn95hx,Miguel Angel,Vargas Mañan
2wdelc2e5oc4usb03p86ztwid,8rpjhpm2j1q7p40zfmlqpj8am,Francisco Andrés,Arancibia Silva
cqsext9ohs3qcd11g6gdkv4ve,8rpjhpm2j1q7p40zfmlqpj8am,Matías,Fracchia Moreira
1piamh5u5l0uyvo2eufrqyuhh,1zsb1ovzidi8rft1vzw4me71m,Mauricio Alejandro,Viana Caamaño
27z2ncy1j84v5t6ljjq6e2ml1,1zsb1ovzidi8rft1vzw4me71m,Bernardo Humberto,Cerezo Rojas
3uvkerj8vqujwel6svh96skix,1zsb1ovzidi8rft1vzw4me71m,Luis Francisco,García Varas
7mts3f1166tdda55sokjyo05x,1zsb1ovzidi8rft1vzw4me71m,Juan Carlos,Soto Swett
e9ku3q311eg5t8lrxfcof65m1,1zsb1ovzidi8rft1vzw4me71m,Carlos Rodolfo,Rotondi
9iqpj7lr77dd0sfgffnv48w5x,1zsb1ovzidi8rft1vzw4me71m,Marco Antonio,Medel de la Fuente
73okn4qlocjbye0e88m3gkez9,1zsb1ovzidi8rft1vzw4me71m,Juan Pablo,Miño
3aof100fuf3dycejkrnnm300l,1zsb1ovzidi8rft1vzw4me71m,Francisco Arturo,Alarcón Cruz
9ynfb3x8vdydd82128cppk8gl,1zsb1ovzidi8rft1vzw4me71m,Néstor Eduardo,Canelón Gil
2f5shtl4n0z0thj4h1sz13zrp,1zsb1ovzidi8rft1vzw4me71m,Gustavo Martín,Lanaro
bckngmb2hloxry5zgkz6pqlm1,1zsb1ovzidi8rft1vzw4me71m,Matías Nicolás,Marín Vega
7ecbyibqvmdjcsj8gr9wq6cx5,1zsb1ovzidi8rft1vzw4me71m,Matías Ignacio,Fernández Cordero
b1717ufyw8ruaiv0mn7xxaort,1zsb1ovzidi8rft1vzw4me71m,Christian Andrés,Fuentes López
bvi7qxhjj54wje1qm709065ed,1zsb1ovzidi8rft1vzw4me71m,Enzo Hernán,Gutiérrez Lencinas
84dg7hl1lq8j7ln1enp7dopyi,1zsb1ovzidi8rft1vzw4me71m,Daniel Enrique,Gónzalez Orellana
5bsb8lbo96gc6rjy7hdh3t4dm,1zsb1ovzidi8rft1vzw4me71m,Axel Aron,Herrera Rojas
c0kwor5vc8avjmr9q2vds8pd6,1zsb1ovzidi8rft1vzw4me71m,Jason Matías,León Alvear
1psp77of8z48io79kj56h0ez9,1zsb1ovzidi8rft1vzw4me71m,Sebastián Andrés,Ubilla Cambón
9ng3r1au4q01ixq42sfn9x3h1,7gkwmrw0cjz0m168ouw00z4gy,Juan Eduardo,Fuentes Jiménez
4zi6eeqn2stbyebxwfwqhozx1,7gkwmrw0cjz0m168ouw00z4gy,José Pedro,Fuenzalida Gana
1j3bnj5t14cvv87xfff0f0msq,7gkwmrw0cjz0m168ouw00z4gy,Alexander Ernesto,Aravena Guzmán
c3406ve6msvm8gq6ywhe32rx1,1f72vqlndphmzn45x0nhdqk3e,José Ignacio,González Catalán
8q8f0c9hgtv9ibnkburojxyp5,1f72vqlndphmzn45x0nhdqk3e,Salvador,Cordero
8s6kouhsw3wr0s210r22t94np,1f72vqlndphmzn45x0nhdqk3e,Gustavo Ramón,Mencia Dávalos
3u8o54ozv8frmg0dct2uqnt1x,1f72vqlndphmzn45x0nhdqk3e,Branco,Ampuero Vera
6rrdxeucdgwlw1p7mr0gl64q2,1f72vqlndphmzn45x0nhdqk3e,Byron,Nieto
aoz0966dxup25pg67nhvkszx1,1f72vqlndphmzn45x0nhdqk3e,Gonzalo Gastón,Freitas Silva
21yxomlpwzh54k7tivw3j457u,1f72vqlndphmzn45x0nhdqk3e,Andrés,Souper De La Cruz
8a06kc2fx1lr9nmjwishg6l79,1f72vqlndphmzn45x0nhdqk3e,Jason,Flores Abrigo
1pxq5s6wcmaf31abep37buz85,1f72vqlndphmzn45x0nhdqk3e,Carlos Andrés,Muñoz Rojas
auoha2xfik4deh4dphlrlvm22,1f72vqlndphmzn45x0nhdqk3e,Ariel Alfonso,Uribe Lepe
2ddf8xxnqz6tehsqw5cg5x0b9,1f72vqlndphmzn45x0nhdqk3e,Tobías Nahuel,Figueroa
8davjer5vpeg0pa07h5mszzyt,1f72vqlndphmzn45x0nhdqk3e,Eduard Alexander,Bello Gil
cvgwdjc34ayove5oev1a0epk9,1f72vqlndphmzn45x0nhdqk3e,Marco Antonio,Collao Ramos
egg8yn20s67x5awg9qupjrv9,1f72vqlndphmzn45x0nhdqk3e,Felipe Ignacio,Flores Chandia
6qtuyvswb6peytlot7n61o7h1,1f72vqlndphmzn45x0nhdqk3e,Fernando Javier,Hurtado Pérez
ep3m492mr6069k5szty11wdex,1f72vqlndphmzn45x0nhdqk3e,Gabriel,Sarria Trigo
68a6x2je58tf4gwi409xcu489,1f72vqlndphmzn45x0nhdqk3e,Lukas Gustavo,Soza Rodríguez
46q7epouqsmoibpeh3qgamg2d,1f72vqlndphmzn45x0nhdqk3e,Gary Felipe,Tello Mery
c3uuj40k4cyrz6elrli1ssgyd,1f72vqlndphmzn45x0nhdqk3e,Nicolás Ignacio,Peñailillo Acuña
5bj418xljvx94aqjw74f2wcet,1f72vqlndphmzn45x0nhdqk3e,Cristián Manuel,Rojas Sanhueza
7xoqoy27popsl2g8irqw9mz85,1f72vqlndphmzn45x0nhdqk3e,Luis Alejandro,Guerra Romero
156rs7mzlgizbt6swmpn9ybpx,hfu6x1260h62zj7xl6cn95hx,Érick,Wiemberg Higuera
rae3s1pvpumpihoremv2fb9x,hfu6x1260h62zj7xl6cn95hx,Felipe Ignacio,Seymour Dobud
66nofvhbwt45i8ktim4a4l3hl,hfu6x1260h62zj7xl6cn95hx,Fabrizio Fabián,Manzo Melo
3v7tgph1d8cgw4sj3vhq9x3hl,hfu6x1260h62zj7xl6cn95hx,Jeisson Andrés,Vargas Salazar
34mdtpwmrjwnkfzq02wx4lnje,hfu6x1260h62zj7xl6cn95hx,Cristopher Alejandro,Medina García
6xuzuv8i0e3zym3m55rqkuifp,hfu6x1260h62zj7xl6cn95hx,Jorge Israel,Romo Salinas
cgj4zia6o2z0a1kc5le49abc9,1zsb1ovzidi8rft1vzw4me71m,Victor Armando,Retamal Ahumada
1qckpmqgbt2tcxqwfyuflt2vp,1zsb1ovzidi8rft1vzw4me71m,Ronnie Alan,Fernández Sáez
d62294a090thni11o2j4ni86h,1zsb1ovzidi8rft1vzw4me71m,Esli Samuel,García Cordero
1g6yxzrygguwxhf7r4d8zor56,9dqkgu00tn42928lrrxlis95a,Benjamín,Berríos
7joud4uhw1jel9hzs110nquol,9dqkgu00tn42928lrrxlis95a,Cristian Matías,Menéndez
46ax1wehohnsnxef6nk4y3uuh,9dqkgu00tn42928lrrxlis95a,Denil Omar,Maldonado Munguía
c4nxpxfcf6y5hlauw37n3xtxx,eizgmllil1zrzpk6zbue0hl7m,John Antonio,Santander Plaza
6pgbp0zc89px2orgonrjtrpey,eizgmllil1zrzpk6zbue0hl7m,Pablo Ignacio,Cárdenas Baeza
6ux0eepmo87ypark4owl95b6d,eizgmllil1zrzpk6zbue0hl7m,Leonardo Andrés,Olivera Troncoso
66s70vsk9j2z8guuv7384xpbe,eizgmllil1zrzpk6zbue0hl7m,Iván Alejandro,Contreras Araya
cwyauscdpf54oab8ihevrvr6y,eizgmllil1zrzpk6zbue0hl7m,Diego Andrés,Céspedes Maturana
8ihtnqfzk4az4r64nfk4g4f84,1iy5a1mzucfenathcnlhmp95a,Diego,Acevedo
742dmg6hfgduvpu2asr3b64t1,1iy5a1mzucfenathcnlhmp95a,José Ramón,Leguizamón Ortega
a4nr7v8446llnouslrkrp41cl,1f72vqlndphmzn45x0nhdqk3e,Michael,Lepe
c8kksze0li7ndudwsxusykamt,4wb893al733feakm9teqqqnlg,Sebastián,Zúñiga Fuenzalida
25rd11q4pdl1dewh24ghnzl61,4wb893al733feakm9teqqqnlg,Julio Junior,Bórquez Hernández
5i1hsqm3ricfy1n4jft6we3qi,4wb893al733feakm9teqqqnlg,Johan,Castillo Aracena
7ddbecwhaudg8w3nsikjhpoet,4wb893al733feakm9teqqqnlg,Misael Omar,Cubillos Ramos
18nk3jxjo37tdkbqkk3g6ges5,4wb893al733feakm9teqqqnlg,Jesús Isaac,Hernández Córdova
adqve2qobyms5fb3tyxnuowk5,8puc16dm0ut6bvv6u6ivpe2ch,Sebastián Eduardo,Cabrera Morgado
3r7lo4kdamkmfdrad1gjy04id,8puc16dm0ut6bvv6u6ivpe2ch,Enzo Francesco,Guerrero Segovia
ygwl0esdhe51tprq7y2olz2t,8puc16dm0ut6bvv6u6ivpe2ch,César Alexis,Cortés Pinto
3zc7nns0gt6n8hlp7uny7ax1x,8puc16dm0ut6bvv6u6ivpe2ch,Carlos Agustín,Farías
drtoqm93lulssafz5z6rpavv9,8puc16dm0ut6bvv6u6ivpe2ch,Luis Antonio,Jiménez Garcés
3tn8lc0vnrs2zjje8wl7su0ic,8puc16dm0ut6bvv6u6ivpe2ch,Felipe,Chamorro
150w18iw8ozp5t8ehyf0zu4et,8rpjhpm2j1q7p40zfmlqpj8am,Brian Nicolás,Torrealba Silva
31sfo3j6pc0lefxo2job5vjdh,8rpjhpm2j1q7p40zfmlqpj8am,Santiago Ernesto,Romero Fernández
ehre8jxvvvlqbawddf8d8lgwl,8rpjhpm2j1q7p40zfmlqpj8am,Marcelo Alejandro,Larrondo Páez
4ftz57oy18j7u5tjw8b0ynch5,8rpjhpm2j1q7p40zfmlqpj8am,Gastón Alejandro,Zúñiga Pozas
aspy5q098fnhos1jiha2zyqc5,8puc16dm0ut6bvv6u6ivpe2ch,Federico Vicente,Lanzillota
di32qsc0rhuulwdzicqv4tck5,8puc16dm0ut6bvv6u6ivpe2ch,Carlos Andrés,Villanueva Roland
38ymmsfvnk8thvq85cbslxmok,8puc16dm0ut6bvv6u6ivpe2ch,Ignacio,Mesina
86wzff9nu5yhkmh8uns2ca6ay,1f72vqlndphmzn45x0nhdqk3e,Simón Alonso,González Montalban
71ywwcts8jxrjqf9fr0c1cedx,1f72vqlndphmzn45x0nhdqk3e,Francisco Javier,Sepulveda Riveros
5pdf5i27yqoeksvgpg3z7zwiy,1iy5a1mzucfenathcnlhmp95a,Mauro Jesús,Maureira Maureira
9oo52bso848sdpymtve33ah91,cdj7tqbsake4a0ks5pwm23t23,Nelson Francisco,Espinoza Díaz
ev7jx7lueg0tle909rhurch5h,cdj7tqbsake4a0ks5pwm23t23,Sebastián Paolo,Galani Villega
4v5wc5fp4ow25o1cbhrr773l5,cdj7tqbsake4a0ks5pwm23t23,César Franco,Lobos Asman
97gp4aptxwufrcjui83bp9qs5,4y5xl8r1nkg1n9hnjzo53v8xk,Gonzalo Diego,Bueno Bingola
b8oyqqgqac7w1jhbtyl0qwvoq,4y5xl8r1nkg1n9hnjzo53v8xk,Joaquín Gabriel,Avilés Rodríguez
bpr09zrymecjypcxhk8q3du51,4y5xl8r1nkg1n9hnjzo53v8xk,Francisco Leoncio,Portillo Maidana
c74wvxlbg7yci78go2lb6v9p1,1iy5a1mzucfenathcnlhmp95a,Nicolas Ramón,Mancilla Hidalgo
798gqeok40rm73beb28rxvmui,eizgmllil1zrzpk6zbue0hl7m,Marcelo,Filla
99ofjky5ykp4acgbvybdq2e7e,eizgmllil1zrzpk6zbue0hl7m,Benjamín Rodrigo,Osses Miranda
c960la319fh0462pqsmb3oezt,9dqkgu00tn42928lrrxlis95a,Matias,Leiva Arancibia
6hwp14y7jfxi0mk439oshobft,1iy5a1mzucfenathcnlhmp95a,Rodrigo Antonio,González Catalán
dv918pa8isvl6iirh8nrx7b3d,1iy5a1mzucfenathcnlhmp95a,Agustín,Volker Vergara
di61aenkntir77wajlpl0iove,1iy5a1mzucfenathcnlhmp95a,Bastián,Yañez
blkvd8175xgydy5zsc207iluc,hfu6x1260h62zj7xl6cn95hx,Oscar Camilo,Aravena Valladares
583d50xr2ktdxm8bnbmzsc9ud,hfu6x1260h62zj7xl6cn95hx,Matías Alejandro,Laba
cb0h8bwynp5m7ijxiem6xtsyx,hfu6x1260h62zj7xl6cn95hx,Thomas,Rodríguez Trogsar
888s3939roy7s3aq01ehh5vpx,eizgmllil1zrzpk6zbue0hl7m,Oscar Fernando,Salinas Aguilar
1845br7evyf9zyjn71w2qqpcl,bd1veyn5g4r8zbaquf8b8pksp,Héctor Antonio,Urrego Hurtado
3g6hqcj2fxqzxslkzawibkjfu,8puc16dm0ut6bvv6u6ivpe2ch,Diego Leonardo,Soto Berríos
axivag8o4b5vkz84gyzbyg38q,bw2py3aiws1rq61pokete3kv2,Nicolás Esteban,Díaz García
1q7x49gtgmpqcgweaynab0vyt,4wb893al733feakm9teqqqnlg,Franz Hermann,Schultz Ramírez
zbzg5vsm042g1iocstp4u9qt,4wb893al733feakm9teqqqnlg,Michael Jordan,Contreras Araya
aswk8eh4pz5f49hbowrxguql0,4wb893al733feakm9teqqqnlg,Juan,Segovia
9jv9rg9srbovkivx6y440v9m2,2nxp7ufclxwbtaozvx5zj1zym,Daniel Alejandro,Monardes Zelada
dl9rbby2kq3ksfr66ce122oyx,8rpjhpm2j1q7p40zfmlqpj8am,Moises Alejandro,González Torres
bz9m6jlnvzlngtrn7e8w9av2t,8rpjhpm2j1q7p40zfmlqpj8am,Gerardo Ignacio,Navarrete Barrientos
1099ch88ffwcojoza5yin1oq2,bd1veyn5g4r8zbaquf8b8pksp,Tomás,Vergara
4imq1hbwb8vxugyrc2ydzggyx,4y5xl8r1nkg1n9hnjzo53v8xk,Brayan,Valdivia Valdivia
djs4r9u5nbviznerynfnw7idx,1zsb1ovzidi8rft1vzw4me71m,Ezequiel,Luna
6jbt8lfdpb3q9ad1r3ntk34oa,cdj7tqbsake4a0ks5pwm23t23,Luis,Rojas Zamora
1uzr5f6jq0mqy8dj1rjrqmwnp,cdj7tqbsake4a0ks5pwm23t23,Jonathan Fabián,Zacaría
7xzxi73ri41hhibo2i1yf8f84,9dqkgu00tn42928lrrxlis95a,Juan Martín,Román Guglielmi
75ruwycujym69qckbyz2rrqax,1zsb1ovzidi8rft1vzw4me71m,Willian Patrick,Gama Olivera
43uzvu32vwqn6it0vik43aiuh,1zsb1ovzidi8rft1vzw4me71m,Gabriel Ignacio,Rojas Muñoz
aaszo5du5rzx4gjex9q5r2ajt,1f72vqlndphmzn45x0nhdqk3e,Adrián Ignacio,Cuadra Cabrera
9v0nrwg4ouxd79wnq7t2zvwq2,8rpjhpm2j1q7p40zfmlqpj8am,Esteban,Moreira
4atdou0euxyvhyfr005wadr6d,ehsvy9m92bp6ktgoy6pwv8rdm,Ronald Vladimir,De La Fuente Arias
7n849c9llm9q8vtnp2hmoqw2d,ehsvy9m92bp6ktgoy6pwv8rdm,Juan Manuel,Insaurralde
909ydub0s5szvgfyb762kkxxx,ehsvy9m92bp6ktgoy6pwv8rdm,Pablo Nicolás,Mouche
e4103wxixqmszsop1pgy1jjhm,ehsvy9m92bp6ktgoy6pwv8rdm,Ethan Mauricio,Espinoza Martínez
8fkylkkuvwu64by9rj22e52lm,ehsvy9m92bp6ktgoy6pwv8rdm,Bryan Andrés,Soto Pereira
2hu7n83g2mvekmluq0tmz36d,eizgmllil1zrzpk6zbue0hl7m,Eduardo Ignacio,Farías Diaz
625yqcp0xko1xn6im7v1yfjf8,eizgmllil1zrzpk6zbue0hl7m,Francisco,Valdes
epzpnp3q7xsejaudov3zu4p62,hfu6x1260h62zj7xl6cn95hx,Giovanni Alexander,Davis Henríquez
a27r8gsfi1ibu5lxppn7jkaqy,1iy5a1mzucfenathcnlhmp95a,Jonathan,Villagra
6uimvq2vkyvibwiaopq6b8i5l,cpqaizhc99tbsqm6h2cgampio,John Elian,García Sossa
2c2chsi04gov92bud1otn9z2t,eizgmllil1zrzpk6zbue0hl7m,Facundo Alfredo,Castro
9w3qxn0f749m7s464syh478x5,1zsb1ovzidi8rft1vzw4me71m,Alexis Joel,Valencia Castro
ey7ga6txrm5fdpg5g6iv17y8k,1zsb1ovzidi8rft1vzw4me71m,Cristian,Vega
cpmsu7m38ls4r9gjx2er8412i,1zsb1ovzidi8rft1vzw4me71m,Aldrix Esteban,Jara Falcón
1qjttb6sdzmo310b3g8yxqhn9,ehsvy9m92bp6ktgoy6pwv8rdm,Óscar Mauricio,Opazo Lara
1vnhvlo2z3vzdmy5s5cjl7qvp,ehsvy9m92bp6ktgoy6pwv8rdm,César Nicolás,Fuentes González
8tkbjriwyv726522f10tyt1w5,ehsvy9m92bp6ktgoy6pwv8rdm,Marcos Nikolas,Bolados Hidalgo
2v1gnc16lhwfsr26o8b10czfu,ehsvy9m92bp6ktgoy6pwv8rdm,Luciano Daniel,Arriagada Garcia
1jh74cxv1fis332qfdchysyqd,ehsvy9m92bp6ktgoy6pwv8rdm,Felipe Manuel,Campos Mosqueira
aimgpr86xs6553faasfh0rwfd,ehsvy9m92bp6ktgoy6pwv8rdm,Carlos Alberto,Villanueva Fuentes
9nxmmw0kajghn6cnmn9isr504,8rpjhpm2j1q7p40zfmlqpj8am,Patricio,Romero
9n2zj5201b83mmcm7oomygacq,bw2py3aiws1rq61pokete3kv2,Lautaro Agustín,Palacios
y9v0u6zwopgjkp64nili8rth,ehsvy9m92bp6ktgoy6pwv8rdm,Esteban Efraín,Paredes Quintanilla
25ib90bkbmvxxr0ul4h8bvq3t,8puc16dm0ut6bvv6u6ivpe2ch,Sebastián Felipe,Silva Lavanderos
78e4oj0f78vshnjyyq77w9v8q,8puc16dm0ut6bvv6u6ivpe2ch,Diego,Oyarzún
3o9aczz9llue6t6udnkyj1ckp,2nxp7ufclxwbtaozvx5zj1zym,Facundo,Aguero
derzxn5jki583526zjo7pwx5h,2nxp7ufclxwbtaozvx5zj1zym,Gerónimo Gastón,Poblete
83pehcs280uby1806wow0dwb9,2nxp7ufclxwbtaozvx5zj1zym,Fabián Marcelo,Hormazabal Berríos
evddj85emdzndmfsz74tex0wl,2nxp7ufclxwbtaozvx5zj1zym,Rodrigo Javier,Salinas
88hz9n89uo71dbbzx0s10yf2t,2nxp7ufclxwbtaozvx5zj1zym,Martín,Tonso
bc2y58arxuo7wczvynhzga7vu,4wb893al733feakm9teqqqnlg,Bruno,Gutiérrez
1rtufoivuxh5sl9sja7vl9oet,4wb893al733feakm9teqqqnlg,Guido,Mainero
d6z2xzodhjxq7jff3ypstk4tm,4wb893al733feakm9teqqqnlg,Michael Andrés,Fuentes Vadulli
4jsbq5csur3uhfscke3eow222,cpqaizhc99tbsqm6h2cgampio,Nicolás Benjamín,Silva Gómez
20nigfovytxxfm0s0j5ds5gwl,bd1veyn5g4r8zbaquf8b8pksp,Diego,García Medina
bp1jg75j004zc4f7y3ehg1ka1,cpqaizhc99tbsqm6h2cgampio,Walter Uriel,Mazzantti
8iu4yjc9v52uhb8khyee81oiy,ehsvy9m92bp6ktgoy6pwv8rdm,Julio Esteban,Fierro Díaz
11sb41n0amxcqtdgziiplfcic,8puc16dm0ut6bvv6u6ivpe2ch,Nicolás Alonso,Meza Muñoz
d2jb2us50pg5otkfi3iqe3lcl,bw2py3aiws1rq61pokete3kv2,Bayron Antonio,Saavedra Navarro
48lnanyk76d8hayhd6yuot9n8,8rpjhpm2j1q7p40zfmlqpj8am,Renato,Araya
37o5u5tdd456debmeepgcxb3e,7gkwmrw0cjz0m168ouw00z4gy,Bruno,Barticciotto Di Bartolo
c1xda3lopoy0934h1w6rcojjd,2nxp7ufclxwbtaozvx5zj1zym,Steffan Patricio,Pino Briceño
ejasrs62w93gq2f5iuyt9knsa,1zsb1ovzidi8rft1vzw4me71m,Bayron Miguel,Martínez Cortés
d9k7mbz3l4nt3iofd7p86ac8a,ehsvy9m92bp6ktgoy6pwv8rdm,Pedro Ignacio,Navarro Castillo
56xhn0pktp3nfatvz4qsmjwq2,59d4d2m78t2lqabd1m7o90std,Joaquín Andrés,García Epull
8bhimyr2jzbf9bnr2hdjar1g4,9dqkgu00tn42928lrrxlis95a,Kevin,Figueroa
33vrk5x9ydn3a520i7ru34962,ehsvy9m92bp6ktgoy6pwv8rdm,Joan Manuel,Cruz Castro
a0k86z1rmnkj2j3rqbj5wgc0l,8puc16dm0ut6bvv6u6ivpe2ch,Daniel Moisés,Vicencio Quiero
eyoil2mpax8s80md0jvtmix62,8puc16dm0ut6bvv6u6ivpe2ch,Gabriel Ignacio,Fuentes Lagos
8cr4rt85mccs0q628e4xcfx90,eizgmllil1zrzpk6zbue0hl7m,John,Riascos
2q6yuygd3f108zjwz50duv2wa,59d4d2m78t2lqabd1m7o90std,Tomás Alejandro,Ahumada Oteíza
17a989tga5c65kab1w8hll17u,cdj7tqbsake4a0ks5pwm23t23,Simón,Contreras
1usc9xu81plo5utsup5v5s3my,cdj7tqbsake4a0ks5pwm23t23,Brandon William,Cortés Bustos
cp14or5ac7fmst7spzkh9a12h,cdj7tqbsake4a0ks5pwm23t23,Mauricio Gerardo,Morales Olivares
9ujywqeh270r79sopmpy4mxux,1f72vqlndphmzn45x0nhdqk3e,Sebastián,Ballesteros Soto
3ifa2jzdrv0cjsg9plrhnefsa,1zsb1ovzidi8rft1vzw4me71m,Kennan Jesús,Sepúlveda Acevedo
8v23hli7gcc0xot7kuwisa0pg,cdj7tqbsake4a0ks5pwm23t23,Marcelo,Morales
d4srxi6wm6cz7gpo4hd29uane,cdj7tqbsake4a0ks5pwm23t23,Bastián Ignacio,Tapia Sepúlveda
71ls4b7690sizfx5pf74asuay,1zsb1ovzidi8rft1vzw4me71m,Víctor Alonso,Espinoza Apablaza
4ycykcordw2cdfrtsmbw3fg4q,1iy5a1mzucfenathcnlhmp95a,Jeremy Nicolás,Silva González
cfbansosdmo2acx68kyfiolt6,cpqaizhc99tbsqm6h2cgampio,José Ignacio,Molina Espinoza
3xkr8t8dfa7y6exr5mdw5qllh,ehsvy9m92bp6ktgoy6pwv8rdm,Dario Esteban,Melo Pulgar
f1eopd5ud8y33liqh6do8i1yi,ehsvy9m92bp6ktgoy6pwv8rdm,Vicente Tomás,Pizarro Durcudoy
f408k1glue5u0deys68sw86vp,bw2py3aiws1rq61pokete3kv2,Flavio Germán,Rojas Catalán
536j3uni22opgzitis0oa1q6t,4wb893al733feakm9teqqqnlg,Facundo Jeremías,Guichón Sisto
b6l6cav75axv8b7a3j7zcn84p,ehsvy9m92bp6ktgoy6pwv8rdm,Iván Andrés,Morales Bravo
2gj3g87q2f2xzzs2npfq2t1ck,59d4d2m78t2lqabd1m7o90std,Nicolás,Aedo Muñoz
bewxr7qyughl2mwmx0yiv3umt,bw2py3aiws1rq61pokete3kv2,Maximiliano Francisco,Lugo
si3wcnvnhiukn1novyv1su6t,cdj7tqbsake4a0ks5pwm23t23,Reinaldo,Lenis Montes
a2ufiql86s71xby90dkc91atw,eizgmllil1zrzpk6zbue0hl7m,Yodilan,Cruz
42vvspohxkhhee117rx6oazje,2nxp7ufclxwbtaozvx5zj1zym,Sergio Alex,Arriagada González
b82796hlyq57xw4rleuppsqju,bd1veyn5g4r8zbaquf8b8pksp,Carlos Ignacio,Herrera Pérez
9i81q842glwlt4wqcb4w94yjt,hfu6x1260h62zj7xl6cn95hx,Cristian Alejandro,Aguirre Martínez
91xhp8j5sfkoe2ph0uejj3d91,ehsvy9m92bp6ktgoy6pwv8rdm,Matías Ezequiel,Zaldivia
7tcmwz7xj8dkh2cg8g781ad7u,bd1veyn5g4r8zbaquf8b8pksp,Jorge,Catejo
3iz6zpz9g6mwggxm6yvdy67oq,hfu6x1260h62zj7xl6cn95hx,Alejandro Exequiel,Rojo Veas
cm4pxrs81n7ugvqcs315rw5w5,bd1veyn5g4r8zbaquf8b8pksp,Fernando Tomás,Lazcano Barros
bbwxim6cgtexein8rxmqqeevp,4wb893al733feakm9teqqqnlg,Luis Ignacio,Sotomayor Orrego
7vkovt6s4m1iq1b7d4k4pnxii,bw2py3aiws1rq61pokete3kv2,José Matías,Aguilera Tapia
g7og36nb8mx4ph9naja2v7my,cpqaizhc99tbsqm6h2cgampio,Álvaro Sebastián,Garrido Podlech
72u63348ho3blf54x6vh9vq0a,8rpjhpm2j1q7p40zfmlqpj8am,Yerko,González Santis
9fat7pctqh2i0hvllaohmp2ei,8rpjhpm2j1q7p40zfmlqpj8am,Luis,Kovacic
